product_name,count
LUXE CREAM,3
RADIANCE CONCENTRATE,3
LUXE SLEEP MASK,3
HAUTE-REJUVENATION MASK,3
HAUTE-REJUVENATION PROTOCOL,3
ENERGIZING MIST,3
ABSOLUTE FILLER,3
SOFTENING AND BALANCING LOTION,3
RADIANCE CONCENTRATE REPLENISHMENT,3
RADIANCE CREAM,3
3-MINUTE PEEL,3
ESSENCE EXTRAORDINAIRE,3
HYDRALIFT FIRMING MASK,3
EYE COMPLEX,3
EYE EXTRAORDINAIRE,3
RADIANCE NOCTURNAL BALM,3
CELLULAR LIFE-LOTION,3
RADIANCE NOCTURNAL BALM REPLENISHMENT,3
CREAM CLEANSER,3
MINERAL FACE EXFOLIATOR,3
HAND CREAM,3
PROTECTION VEIL SUNSCREEN,3
RADIANCE CREAM REPLENISHMENT,3
HARMONY L'EXTRAIT,3
HAUTE-REJUVENATION EYE ELIXIR,3
LIQUID LIFT,3
EYE LIFT,3
HAUTE-REJUVENATION ELIXIR,3
LUXE CREAM SHEER,3
RADIANCE EYE CREAM REPLENISHMENT,3
HAUTE-REJUVENATION CREAM,3
LUXE EYE CREAM,3
NIGHTTIME OIL,3
CELLULAR NIGHT ELIXIR,3
PEARL INFUSION,3
FOAM CLEANSER,3
CRÃˆME EXTRAORDINAIRE,3
ESSENCE-IN-LOTION,3
HAUTE-REJUVENATION MASK REPLENISHMENT,3
SUPREME BALM CLEANSER,3
CRYSTAL MICELLAR WATER EYES FACE,3
HAUTE-REJUVENATION EYE CREAM,3
RADIANCE EYE CREAM,3
VANITY TRAY LIMITED EDITION,2
EYE CARE LIMITED EDITION SET PLATINUM RARE,2
EYE EXPERT ONLINE EXCLUSIVE,2
REFINING LOTION,2
EYE CARE LIMITED EDITION SET SKIN CAVIAR,2
THE MIST,2
NIGHT INDULGENCE ONLINE EXCLUSIVE,2
ESSENCE-IN-LOTION 250 ML DEVOTEE EDITION,2
ESSENTIALS LIMITED EDITION SET,2
FACE AND EYE LIMITED EDITION SET,2
RESCULPTING LIMITED EDITION SET,2
LUXURY RITUAL,1